<?xml version="1.0" encoding="UTF-8"?>
<project-private xmlns="http://www.netbeans.org/ns/project-private/1">
    <editor-bookmarks xmlns="http://www.netbeans.org/ns/editor-bookmarks/2" lastBookmarkId="0"/>
    <open-files xmlns="http://www.netbeans.org/ns/projectui-open-files/2">
        <group>
            <file>file:/D:/Zell/project/School/Uni/IS3106%20Enterprise%20Systems%20Interface%20Design%20and%20Development/Project/FeelinTrippy/FeelinTrippy/FeelinTrippy-war/web/503.html</file>
            <file>file:/D:/Zell/project/School/Uni/IS3106%20Enterprise%20Systems%20Interface%20Design%20and%20Development/Project/FeelinTrippy/FeelinTrippy/FeelinTrippy-war/web/404.html</file>
        </group>
    </open-files>
</project-private>
